{
  "accuracy": 0.88368,
  "f1": 0.8848772763262075,
  "classification_report": {
    "0": {
      "precision": 0.8918300653594772,
      "recall": 0.87328,
      "f1-score": 0.8824575586095392,
      "support": 3125.0
    },
    "1": {
      "precision": 0.8758620689655172,
      "recall": 0.89408,
      "f1-score": 0.8848772763262075,
      "support": 3125.0
    },
    "accuracy": 0.88368,
    "macro avg": {
      "precision": 0.8838460671624973,
      "recall": 0.88368,
      "f1-score": 0.8836674174678734,
      "support": 6250.0
    },
    "weighted avg": {
      "precision": 0.8838460671624973,
      "recall": 0.88368,
      "f1-score": 0.8836674174678734,
      "support": 6250.0
    }
  }
}